,Player,Images
0,Trey Alexander,https://cdn.nba.com/headshots/nba/latest/1040x760/1641725.png
1,Marcus Bagley,https://cdn.nba.com/headshots/nba/latest/1040x760/1630542.png
2,Jamison Battle,https://cdn.nba.com/headshots/nba/latest/1040x760/1642419.png
3,Damion Baugh,https://cdn.nba.com/headshots/nba/latest/1040x760/1641878.png
4,Reece Beekman,https://cdn.nba.com/headshots/nba/latest/1040x760/1641736.png
5,Adem Bona,https://cdn.nba.com/headshots/nba/latest/1040x760/1641737.png
6,Jalen Bridges,https://cdn.nba.com/headshots/nba/latest/1040x760/1641779.png
7,Keion Brooks Jr.,https://cdn.nba.com/headshots/nba/latest/1040x760/1631232.png
8,Matas Buzelis,https://cdn.nba.com/headshots/nba/latest/1040x760/1641824.png
9,Branden Carlson,https://cdn.nba.com/headshots/nba/latest/1040x760/1642382.png
10,Bub Carrington,https://cdn.nba.com/headshots/nba/latest/1040x760/1642267.png
11,Devin Carter,https://cdn.nba.com/headshots/nba/latest/1040x760/1642269.png
12,Stephon Castle,https://cdn.nba.com/headshots/nba/latest/1040x760/1642264.png
13,Ulrich Chomche,https://cdn.nba.com/headshots/nba/latest/1040x760/1642279.png
14,Cam Christie,https://cdn.nba.com/headshots/nba/latest/1040x760/1642353.png
15,Jaylen Clark,https://cdn.nba.com/headshots/nba/latest/1040x760/1641740.png
16,Donovan Clingan,https://cdn.nba.com/headshots/nba/latest/1040x760/1642270.png
17,Isaiah Collier,https://cdn.nba.com/headshots/nba/latest/1040x760/1642268.png
18,Yuri Collins,https://cdn.nba.com/headshots/nba/latest/1040x760/1641879.png
19,Isaiah Crawford,https://cdn.nba.com/headshots/nba/latest/1040x760/1642384.png
20,Tristan Da Silva,https://cdn.nba.com/headshots/nba/latest/1040x760/1641783.png
21,Pacôme Dadiet,https://cdn.nba.com/headshots/nba/latest/1040x760/1642359.png
22,N'Faly Dante,https://cdn.nba.com/headshots/nba/latest/1040x760/1642368.png
23,RayJ Dennis,https://cdn.nba.com/headshots/nba/latest/1040x760/1642484.png
24,Rob Dillingham,https://cdn.nba.com/headshots/nba/latest/1040x760/1642265.png
25,Alex Ducas,https://cdn.nba.com/headshots/nba/latest/1040x760/1642505.png
26,Ryan Dunn,https://cdn.nba.com/headshots/nba/latest/1040x760/1642346.png
27,Zach Edey,https://cdn.nba.com/headshots/nba/latest/1040x760/1641744.png
28,Jesse Edwards,https://cdn.nba.com/headshots/nba/latest/1040x760/1642399.png
29,Justin Edwards,https://cdn.nba.com/headshots/nba/latest/1040x760/1642348.png
30,Tyson Etienne,https://cdn.nba.com/headshots/nba/latest/1040x760/1630623.png
31,Kyle Filipowski,https://cdn.nba.com/headshots/nba/latest/1040x760/1642271.png
32,Trentyn Flowers,https://cdn.nba.com/headshots/nba/latest/1040x760/1642280.png
33,Enrique Freeman,https://cdn.nba.com/headshots/nba/latest/1040x760/1642402.png
34,Johnny Furphy,https://cdn.nba.com/headshots/nba/latest/1040x760/1642277.png
35,Kyshawn George,https://cdn.nba.com/headshots/nba/latest/1040x760/1642273.png
36,Jazian Gortman,https://cdn.nba.com/headshots/nba/latest/1040x760/1641789.png
37,PJ Hall,https://cdn.nba.com/headshots/nba/latest/1040x760/1641790.png
38,Elijah Harkless,https://cdn.nba.com/headshots/nba/latest/1040x760/1641989.png
39,Ron Holland,https://cdn.nba.com/headshots/nba/latest/1040x760/1641842.png
40,Ariel Hukporti,https://cdn.nba.com/headshots/nba/latest/1040x760/1630574.png
41,Oso Ighodaro,https://cdn.nba.com/headshots/nba/latest/1040x760/1642345.png
42,Harrison Ingram,https://cdn.nba.com/headshots/nba/latest/1040x760/1631127.png
43,Bronny James,https://cdn.nba.com/headshots/nba/latest/1040x760/1642355.png
44,Daniss Jenkins,https://cdn.nba.com/headshots/nba/latest/1040x760/1642450.png
45,AJ Johnson,https://cdn.nba.com/headshots/nba/latest/1040x760/1642358.png
46,Keshad Johnson,https://cdn.nba.com/headshots/nba/latest/1040x760/1642352.png
47,Dillon Jones,https://cdn.nba.com/headshots/nba/latest/1040x760/1641794.png
48,Isaac Jones,https://cdn.nba.com/headshots/nba/latest/1040x760/1642403.png
49,Spencer Jones,https://cdn.nba.com/headshots/nba/latest/1040x760/1642461.png
50,Yuki Kawamura,https://cdn.nba.com/headshots/nba/latest/1040x760/1642530.png
51,Kylor Kelley,https://cdn.nba.com/headshots/nba/latest/1040x760/1630283.png
52,Bobi Klintman,https://cdn.nba.com/headshots/nba/latest/1040x760/1641752.png
53,Dalton Knecht,https://cdn.nba.com/headshots/nba/latest/1040x760/1642261.png
54,Tyler Kolek,https://cdn.nba.com/headshots/nba/latest/1040x760/1642278.png
55,Pelle Larsson,https://cdn.nba.com/headshots/nba/latest/1040x760/1641796.png
56,Malevy Leons,https://cdn.nba.com/headshots/nba/latest/1040x760/1642502.png
57,Jaylen Martin,https://cdn.nba.com/headshots/nba/latest/1040x760/1641798.png
58,Karlo Matković,https://cdn.nba.com/headshots/nba/latest/1040x760/1631255.png
59,Jared McCain,https://cdn.nba.com/headshots/nba/latest/1040x760/1642272.png
60,Kevin McCullar Jr.,https://cdn.nba.com/headshots/nba/latest/1040x760/1641755.png
61,Jack McVeigh,https://cdn.nba.com/headshots/nba/latest/1040x760/1629098.png
62,Emanuel Miller,https://cdn.nba.com/headshots/nba/latest/1040x760/1641801.png
63,Riley Minix,https://cdn.nba.com/headshots/nba/latest/1040x760/1642434.png
64,Yves Missi,https://cdn.nba.com/headshots/nba/latest/1040x760/1642274.png
65,Ajay Mitchell,https://cdn.nba.com/headshots/nba/latest/1040x760/1642349.png
66,Jonathan Mogbo,https://cdn.nba.com/headshots/nba/latest/1040x760/1642367.png
67,Tristen Newton,https://cdn.nba.com/headshots/nba/latest/1040x760/1641803.png
68,Miles Norris,https://cdn.nba.com/headshots/nba/latest/1040x760/1641936.png
69,Quincy Olivari,https://cdn.nba.com/headshots/nba/latest/1040x760/1642439.png
70,Daeqwon Plowden,https://cdn.nba.com/headshots/nba/latest/1040x760/1631342.png
71,Quinten Post,https://cdn.nba.com/headshots/nba/latest/1040x760/1642366.png
72,Zyon Pullin,https://cdn.nba.com/headshots/nba/latest/1040x760/1642389.png
73,Alex Reese,https://cdn.nba.com/headshots/nba/latest/1040x760/1642024.png
74,Antonio Reeves,https://cdn.nba.com/headshots/nba/latest/1040x760/1641810.png
75,Zaccharie Risacher,https://cdn.nba.com/headshots/nba/latest/1040x760/1642258.png
76,Liam Robbins,https://cdn.nba.com/headshots/nba/latest/1040x760/1641857.png
77,Jackson Rowe,https://cdn.nba.com/headshots/nba/latest/1040x760/1642050.png
78,Tidjane Salaün,https://cdn.nba.com/headshots/nba/latest/1040x760/1642275.png
79,Alex Sarr,https://cdn.nba.com/headshots/nba/latest/1040x760/1642259.png
80,Baylor Scheierman,https://cdn.nba.com/headshots/nba/latest/1040x760/1631248.png
81,Terrence Shannon Jr.,https://cdn.nba.com/headshots/nba/latest/1040x760/1630545.png
82,Jamal Shead,https://cdn.nba.com/headshots/nba/latest/1040x760/1642347.png
83,Reed Sheppard,https://cdn.nba.com/headshots/nba/latest/1040x760/1642263.png
84,KJ Simpson,https://cdn.nba.com/headshots/nba/latest/1040x760/1642354.png
85,Jaylen Sims,https://cdn.nba.com/headshots/nba/latest/1040x760/1631301.png
86,Tolu Smith,https://cdn.nba.com/headshots/nba/latest/1040x760/1642449.png
87,Tyler Smith,https://cdn.nba.com/headshots/nba/latest/1040x760/1641890.png
88,Cam Spencer,https://cdn.nba.com/headshots/nba/latest/1040x760/1642285.png
89,Isaiah Stevens,https://cdn.nba.com/headshots/nba/latest/1040x760/1641815.png
90,Drew Timme,https://cdn.nba.com/headshots/nba/latest/1040x760/1631166.png
91,Nae'Qwan Tomlin,https://cdn.nba.com/headshots/nba/latest/1040x760/1641772.png
92,Armel Traoré,https://cdn.nba.com/headshots/nba/latest/1040x760/1642422.png
93,Luke Travers,https://cdn.nba.com/headshots/nba/latest/1040x760/1631247.png
94,Jaylon Tyson,https://cdn.nba.com/headshots/nba/latest/1040x760/1642281.png
95,Keaton Wallace,https://cdn.nba.com/headshots/nba/latest/1040x760/1630811.png
96,Ja'Kobe Walter,https://cdn.nba.com/headshots/nba/latest/1040x760/1642266.png
97,Kel'el Ware,https://cdn.nba.com/headshots/nba/latest/1040x760/1642276.png
98,Anton Watson,https://cdn.nba.com/headshots/nba/latest/1040x760/1641817.png
99,Jaylen Wells,https://cdn.nba.com/headshots/nba/latest/1040x760/1642377.png
100,Phillip Wheeler,https://cdn.nba.com/headshots/nba/latest/1040x760/1630762.png
101,Cody Williams,https://cdn.nba.com/headshots/nba/latest/1040x760/1642262.png
102,Jahmir Young,https://cdn.nba.com/headshots/nba/latest/1040x760/1642443.png
103,Alex Antetokounmpo,https://cdn.nba.com/headshots/nba/latest/1040x760/1630828.png
104,Ace Bailey,https://cdn.nba.com/headshots/nba/latest/1040x760/1642846.png
105,Brooks Barnhizer,https://cdn.nba.com/headshots/nba/latest/1040x760/1642964.png
106,Joan Beringer,https://cdn.nba.com/headshots/nba/latest/1040x760/1642866.png
107,Koby Brea,https://cdn.nba.com/headshots/nba/latest/1040x760/1642886.png
108,Johni Broome,https://cdn.nba.com/headshots/nba/latest/1040x760/1641780.png
109,Carter Bryant,https://cdn.nba.com/headshots/nba/latest/1040x760/1642868.png
110,Dylan Cardwell,https://cdn.nba.com/headshots/nba/latest/1040x760/1642928.png
111,Moussa Cisse,https://cdn.nba.com/headshots/nba/latest/1040x760/1630619.png
112,Walter Clayton,https://cdn.nba.com/headshots/nba/latest/1040x760/1642383.png
113,Nique Clifford,https://cdn.nba.com/headshots/nba/latest/1040x760/1642363.png
114,Javonte Cooke,https://cdn.nba.com/headshots/nba/latest/1040x760/1631451.png
115,Cedric Coward,https://cdn.nba.com/headshots/nba/latest/1040x760/1642907.png
116,Mohamed Diawara,https://cdn.nba.com/headshots/nba/latest/1040x760/1642885.png
117,Hunter Dickinson,https://cdn.nba.com/headshots/nba/latest/1040x760/1630621.png
118,Egor Dёmin,https://cdn.nba.com/headshots/nba/latest/1040x760/1642856.png
119,VJ Edgecombe,https://cdn.nba.com/headshots/nba/latest/1040x760/1642845.png
120,Noa Essengue,https://cdn.nba.com/headshots/nba/latest/1040x760/1642855.png
121,Jeremiah Fears,https://cdn.nba.com/headshots/nba/latest/1040x760/1642847.png
122,Cooper Flagg,https://cdn.nba.com/headshots/nba/latest/1040x760/1642843.png
123,Rasheer Fleming,https://cdn.nba.com/headshots/nba/latest/1040x760/1642853.png
124,Myron Gardner,https://cdn.nba.com/headshots/nba/latest/1040x760/1642066.png
125,Vladislav Goldin,https://cdn.nba.com/headshots/nba/latest/1040x760/1642884.png
126,Hugo González,https://cdn.nba.com/headshots/nba/latest/1040x760/1642864.png
127,Yang Hansen,https://cdn.nba.com/headshots/nba/latest/1040x760/1642905.png
128,Dylan Harper,https://cdn.nba.com/headshots/nba/latest/1040x760/1642844.png
129,Chucky Hepburn,https://cdn.nba.com/headshots/nba/latest/1040x760/1642935.png
130,DaRon Holmes,https://cdn.nba.com/headshots/nba/latest/1040x760/1641747.png
131,CJ Huntley,https://cdn.nba.com/headshots/nba/latest/1040x760/1643047.png
132,Kasparas Jakučionis,https://cdn.nba.com/headshots/nba/latest/1040x760/1642857.png
133,Sion James,https://cdn.nba.com/headshots/nba/latest/1040x760/1642883.png
134,Tre Johnson,https://cdn.nba.com/headshots/nba/latest/1040x760/1642848.png
135,Curtis Jones,https://cdn.nba.com/headshots/nba/latest/1040x760/1642938.png
136,Kam Jones,https://cdn.nba.com/headshots/nba/latest/1040x760/1642880.png
137,David Jones García,https://cdn.nba.com/headshots/nba/latest/1040x760/1642357.png
138,Ryan Kalkbrenner,https://cdn.nba.com/headshots/nba/latest/1040x760/1641750.png
139,Miles Kelly,https://cdn.nba.com/headshots/nba/latest/1040x760/1642939.png
140,Kon Knueppel,https://cdn.nba.com/headshots/nba/latest/1040x760/1642851.png
141,Yanic Konan Niederhäuser,https://cdn.nba.com/headshots/nba/latest/1040x760/1642949.png
142,Chaz Lanier,https://cdn.nba.com/headshots/nba/latest/1040x760/1642404.png
143,Caleb Love,https://cdn.nba.com/headshots/nba/latest/1040x760/1631126.png
144,Khaman Maluach,https://cdn.nba.com/headshots/nba/latest/1040x760/1642863.png
145,Chris Mañon,https://cdn.nba.com/headshots/nba/latest/1040x760/1643024.png
146,Alijah Martin,https://cdn.nba.com/headshots/nba/latest/1040x760/1642918.png
147,Liam McNeeley,https://cdn.nba.com/headshots/nba/latest/1040x760/1642862.png
148,Collin Murray-Boyles,https://cdn.nba.com/headshots/nba/latest/1040x760/1642867.png
149,Ryan Nembhard,https://cdn.nba.com/headshots/nba/latest/1040x760/1642948.png
150,Asa Newell,https://cdn.nba.com/headshots/nba/latest/1040x760/1642854.png
151,Lachlan Olbrich,https://cdn.nba.com/headshots/nba/latest/1040x760/1642950.png
152,Micah Peavy,https://cdn.nba.com/headshots/nba/latest/1040x760/1642877.png
153,Noah Penda,https://cdn.nba.com/headshots/nba/latest/1040x760/1642869.png
154,Taelon Peter,https://cdn.nba.com/headshots/nba/latest/1040x760/1643007.png
155,Drake Powell,https://cdn.nba.com/headshots/nba/latest/1040x760/1642962.png
156,Tyrese Proctor,https://cdn.nba.com/headshots/nba/latest/1040x760/1642878.png
157,Derik Queen,https://cdn.nba.com/headshots/nba/latest/1040x760/1642852.png
158,Maxime Raynaud,https://cdn.nba.com/headshots/nba/latest/1040x760/1642875.png
159,Will Richard,https://cdn.nba.com/headshots/nba/latest/1040x760/1642954.png
160,Jase Richardson,https://cdn.nba.com/headshots/nba/latest/1040x760/1642859.png
161,Will Riley,https://cdn.nba.com/headshots/nba/latest/1040x760/1642860.png
162,Hunter Sallis,https://cdn.nba.com/headshots/nba/latest/1040x760/1642282.png
163,Kobe Sanders,https://cdn.nba.com/headshots/nba/latest/1040x760/1642920.png
164,Ben Saraf,https://cdn.nba.com/headshots/nba/latest/1040x760/1642879.png
165,Mark Sears,https://cdn.nba.com/headshots/nba/latest/1040x760/1641813.png
166,Max Shulga,https://cdn.nba.com/headshots/nba/latest/1040x760/1642917.png
167,Javon Small,https://cdn.nba.com/headshots/nba/latest/1040x760/1642914.png
168,Jahmyl Telfort,https://cdn.nba.com/headshots/nba/latest/1040x760/1643141.png
169,Adou Thiero,https://cdn.nba.com/headshots/nba/latest/1040x760/1642876.png
170,Ethan Thompson,https://cdn.nba.com/headshots/nba/latest/1040x760/1630679.png
171,John Tonje,https://cdn.nba.com/headshots/nba/latest/1040x760/1642910.png
172,Nikola Topić,https://cdn.nba.com/headshots/nba/latest/1040x760/1642260.png
173,Nolan Traoré,https://cdn.nba.com/headshots/nba/latest/1040x760/1642849.png
174,Jamir Watkins,https://cdn.nba.com/headshots/nba/latest/1040x760/1642364.png
175,Amari Williams,https://cdn.nba.com/headshots/nba/latest/1040x760/1642873.png
176,Danny Wolf,https://cdn.nba.com/headshots/nba/latest/1040x760/1642874.png
177,Chris Youngblood,https://cdn.nba.com/headshots/nba/latest/1040x760/1642959.png
178,Rocco Zikarsky,https://cdn.nba.com/headshots/nba/latest/1040x760/1642911.png
